{
    "total_runtime": 31.20932388305664,
    "num_documents": 1,
    "input_load_time": 0,
    "workflows": {
        "create_base_text_units": {
            "overall": 0.3189692497253418,
            "0_orderby": 0.005364418029785156,
            "1_zip": 0.004717111587524414,
            "2_aggregate_override": 0.008977890014648438,
            "3_chunk": 0.2319049835205078,
            "4_select": 0.007421731948852539,
            "5_unroll": 0.006935834884643555,
            "6_rename": 0.007086038589477539,
            "7_genid": 0.006417036056518555,
            "8_unzip": 0.007937192916870117,
            "9_copy": 0.006902933120727539,
            "10_filter": 0.020461559295654297
        },
        "create_base_extracted_entities": {
            "overall": 13.829610347747803,
            "0_entity_extract": 13.803610563278198,
            "1_merge_graphs": 0.016867637634277344
        },
        "create_summarized_entities": {
            "overall": 0.05635690689086914,
            "0_summarize_descriptions": 0.04535484313964844
        },
        "create_base_entity_graph": {
            "overall": 0.07027077674865723,
            "0_cluster_graph": 0.04465508460998535,
            "1_select": 0.013102531433105469
        },
        "create_final_entities": {
            "overall": 1.875917911529541,
            "0_unpack_graph": 0.01385807991027832,
            "1_rename": 0.012496232986450195,
            "2_select": 0.015518903732299805,
            "3_dedupe": 0.01676344871520996,
            "4_rename": 0.016208887100219727,
            "5_filter": 0.03877067565917969,
            "6_text_split": 0.01931905746459961,
            "7_drop": 0.02024388313293457,
            "8_merge": 0.025055646896362305,
            "9_text_embed": 1.6278059482574463,
            "10_drop": 0.01774287223815918,
            "11_filter": 0.04031252861022949
        },
        "create_final_nodes": {
            "overall": 0.3408844470977783,
            "0_layout_graph": 0.04396820068359375,
            "1_unpack_graph": 0.02160358428955078,
            "2_unpack_graph": 0.020164012908935547,
            "3_drop": 0.017091035842895508,
            "4_filter": 0.04528546333312988,
            "5_select": 0.024141311645507812,
            "6_rename": 0.02340412139892578,
            "7_convert": 0.07372117042541504,
            "8_join": 0.031821489334106445,
            "9_rename": 0.023366212844848633
        },
        "create_final_communities": {
            "overall": 0.5304417610168457,
            "0_unpack_graph": 0.025681257247924805,
            "1_unpack_graph": 0.02774500846862793,
            "2_aggregate_override": 0.029519319534301758,
            "3_join": 0.03249168395996094,
            "4_join": 0.035326242446899414,
            "5_concat": 0.02324962615966797,
            "6_filter": 0.06263351440429688,
            "7_aggregate_override": 0.03283095359802246,
            "8_join": 0.030455350875854492,
            "9_filter": 0.08890199661254883,
            "10_fill": 0.03085041046142578,
            "11_merge": 0.03110218048095703,
            "12_copy": 0.028654098510742188,
            "13_select": 0.029049396514892578
        },
        "join_text_units_to_entity_ids": {
            "overall": 0.13078022003173828,
            "0_select": 0.03543734550476074,
            "1_unroll": 0.03008103370666504,
            "2_aggregate_override": 0.03599119186401367
        },
        "create_final_relationships": {
            "overall": 0.4410073757171631,
            "0_unpack_graph": 0.033564090728759766,
            "1_filter": 0.06990814208984375,
            "2_rename": 0.03425335884094238,
            "3_filter": 0.06920289993286133,
            "4_drop": 0.048487186431884766,
            "5_compute_edge_combined_degree": 0.053391456604003906,
            "6_convert": 0.06875991821289062,
            "7_convert": 0.036203861236572266
        },
        "join_text_units_to_relationship_ids": {
            "overall": 0.1575639247894287,
            "0_select": 0.0340120792388916,
            "1_unroll": 0.03919649124145508,
            "2_aggregate_override": 0.0298917293548584,
            "3_select": 0.028781652450561523
        },
        "create_final_community_reports": {
            "overall": 9.222258567810059,
            "0_prepare_community_reports_nodes": 0.030170202255249023,
            "1_prepare_community_reports_edges": 0.03184962272644043,
            "2_restore_community_hierarchy": 0.04580092430114746,
            "3_prepare_community_reports": 0.14397287368774414,
            "4_create_community_reports": 8.906350135803223,
            "5_window": 0.031110525131225586
        },
        "create_final_text_units": {
            "overall": 0.2747352123260498,
            "0_select": 0.030971288681030273,
            "1_rename": 0.03439617156982422,
            "2_join": 0.03556227684020996,
            "3_join": 0.053401947021484375,
            "4_aggregate_override": 0.05786275863647461,
            "5_select": 0.03269791603088379
        },
        "create_base_documents": {
            "overall": 0.38394832611083984,
            "0_unroll": 0.0351254940032959,
            "1_select": 0.034240007400512695,
            "2_rename": 0.03280067443847656,
            "3_join": 0.03799891471862793,
            "4_aggregate_override": 0.04747891426086426,
            "5_join": 0.04496431350708008,
            "6_rename": 0.03613018989562988,
            "7_convert": 0.0781714916229248
        },
        "create_final_documents": {
            "overall": 0.08193469047546387,
            "0_rename": 0.04643869400024414
        }
    }
}