{
    "total_runtime": 0.4002726078033447,
    "num_documents": 5,
    "input_load_time": 0,
    "workflows": {
        "create_base_text_units": {
            "overall": 0.2385423183441162,
            "0_orderby": 0.0032956600189208984,
            "1_zip": 0.003000974655151367,
            "2_aggregate_override": 0.005928993225097656,
            "3_chunk": 0.17313289642333984,
            "4_select": 0.0037965774536132812,
            "5_unroll": 0.007149696350097656,
            "6_rename": 0.00665283203125,
            "7_genid": 0.004724979400634766,
            "8_unzip": 0.004429340362548828,
            "9_copy": 0.0046923160552978516,
            "10_filter": 0.019735097885131836
        }
    }
}