{
    "total_runtime": 0.3996248245239258,
    "num_documents": 5,
    "input_load_time": 0,
    "workflows": {
        "create_base_text_units": {
            "overall": 0.2336573600769043,
            "0_orderby": 0.0033626556396484375,
            "1_zip": 0.003266572952270508,
            "2_aggregate_override": 0.005927562713623047,
            "3_chunk": 0.1737983226776123,
            "4_select": 0.004250049591064453,
            "5_unroll": 0.00450897216796875,
            "6_rename": 0.004013776779174805,
            "7_genid": 0.005594968795776367,
            "8_unzip": 0.0065233707427978516,
            "9_copy": 0.0038671493530273438,
            "10_filter": 0.015514612197875977
        }
    }
}